,Temperature (K),Luminosity (L/Lo),Radius (R/Ro),Distance (ly)
0,-0.3130692858838654,-0.46525538804021255,-0.39920850902288957,-0.515349670400906
1,-0.1872957628314765,4.178847475892279,0.5427536866003531,4.258967191932159
2,-0.8626484503654638,-0.4653758898924635,-0.40580493107310717,-0.5348275102475298
3,-0.4979312130502385,-0.4134512559628983,-0.23118357416688962,0.05006521392470949
4,-0.8671223823871279,-0.4655273075875499,-0.40594693149709865,-0.5351050833936063
5,-0.010061354322883503,-0.4648846474851783,-0.39871742447057656,-0.5305455510369467
6,-0.1824987911352946,-0.4650341780258079,-0.39859645219606793,-0.4990364096083196
7,-0.6331750287972044,-0.4636562555315891,-0.3506341740266498,-0.4673543962776308
8,-0.6422491449976936,-0.46367314013724237,-0.35104883419173216,-0.46607710322651513
9,1.5930367007658945,-0.3138575289589422,-0.37993897921118536,-0.10280938545524611
10,0.04436957039575383,-0.464071702821965,-0.396005392174368,-0.45072375036609785
11,-0.3073443862301943,-0.4652440643841764,-0.39918082281910067,-0.5158477037567603
12,1.5912487755680214,-0.31392585306618387,-0.38016626942612025,-0.10182658001294698
13,1.8972056085016147,0.7191706235190322,-0.36460136954105843,0.10004607636254338
14,-0.8238472019864346,2.520048699765249,3.7427320272464986,0.6409708910554429
15,0.31575823026254624,-0.4586114958120503,-0.39231672956138874,-0.3997670931323657
16,0.3176068907110886,-0.4585544083669165,-0.39180338338840925,-0.40028194628048536
17,-0.8926046902791188,-0.2593401641722243,1.3239530902389216,0.22699021007089432
18,2.281798088964133,0.12679217361474981,-0.36718928557079117,0.04701860292481437
19,-0.049824813050865245,-0.464424934256195,-0.3957315862022033,-0.4990655022637033
20,-0.8200262564840833,2.520063221128099,3.7431065247514796,0.6410568207710905
21,-0.8304943466453282,-0.46546979670719546,-0.4051159675448187,-0.5297808775673869
22,1.8966140032498096,0.7193410681280518,-0.3645974160934181,0.10131786996983448
23,0.3148318933396863,-0.4587782301150626,-0.3919027865774957,-0.39960066827501045
24,0.31459368310969577,-0.45864142836533217,-0.3923725675788183,-0.4009414789125303
25,1.6000668276243206,-0.31378198712378913,-0.3796745240593205,-0.10300539309899137
26,-0.002258193555154212,-0.4648375666463286,-0.39881007987738104,-0.529386076665616
27,-0.718297104164147,-0.46147607198421986,-0.2882574548920548,-0.4787703772765649
28,-0.5935423735436023,-0.46555138052541595,-0.4026495314909117,-0.5387570148838958
29,-0.910396249166769,-0.46549806112086745,-0.4063876911260545,-0.5283007732363815
30,-0.8201139261464278,2.5200006829474852,3.743261717681332,0.6405921603301318
31,-0.003017844624094591,-0.4647884519274243,-0.39852780932158055,-0.5297678564683392
32,-0.3083265633299341,-0.46527910545803813,-0.39897871284215264,-0.5146407675692581
33,0.3141707045487553,-0.45868544092769353,-0.3924487156732835,-0.3993473783625126
34,-0.8337282024851239,-0.46542831798190937,-0.4046705008277792,-0.5313715662738742
35,-0.3367573977003977,-0.2166840793412547,-0.07469999564452949,0.026146394716412925
36,-0.43787056598477786,-0.4652288558006301,-0.3969038163940569,-0.5250177925729658
37,-0.6427371754891236,-0.46363229863282124,-0.3505096968920519,-0.4661159432250861
38,-0.8628061304647674,-0.46560114252591517,-0.40557704481094253,-0.5344178843510029
39,-0.7210254819860573,-0.4615186290917018,-0.28813902706599903,-0.47906789067574973
40,-0.32742730282576593,-0.2167478325423816,-0.07474061152539524,0.026586869303686565
41,-0.3070044873904546,-0.46523938631014955,-0.39890287648477457,-0.515557441735131
42,-0.5036137885970535,-0.41342180931836703,-0.23096800697202086,0.051706139108369964
43,-0.87046914226592,-0.4653989037205754,-0.40591015046019435,-0.5345364938934322
44,0.03830507866697066,-0.4642486838845651,-0.3958145531286813,-0.4493367662559564
45,0.04184662159693237,-0.4641278503172518,-0.3952472732092734,-0.45050771997854544
46,1.6005251202019872,-0.3137595127659014,-0.3796965674747956,-0.10191057078183444
47,-0.5057170169318894,-0.41329287617519445,-0.2317282151381642,0.05168421308826386
48,0.03558018868058442,-0.46420996393630176,-0.39569698738000075,-0.4493422557123444
49,-0.8690881360453213,-0.4655738088517306,-0.4061472808881016,-0.5357311558044188
50,-0.044497278177522116,-0.4644678953758887,-0.39550926934111463,-0.49977619192781897
51,-0.9106238673846064,-0.46540848397266077,-0.4058365241871889,-0.5311547862486078
52,0.30948427168479964,-0.4587550969363404,-0.39194639332567616,-0.39919514057588235
53,-0.5057000760028271,-0.4133340211261327,-0.23112992169107108,0.05026482722726437
54,-0.8199735311697653,-0.22842309313700815,2.774286662603783,0.4698827566988358
55,0.30766745795847183,-0.4587824825739314,-0.39199439809530423,-0.40031870563950434
56,2.2758977922977737,0.12690049919125798,-0.36801460208952014,0.04624944888574068
57,2.2150786345236506,0.8068775858818369,-0.254849491167284,3.1486751534505357
58,1.6005449930781945,-0.3138153121477195,-0.3795756123252698,-0.10293572660303962
59,1.900902113217006,0.7193327635313704,-0.36498612254910884,0.10039123071153784
60,-0.5263193025182191,-0.465485638407429,-0.40071885557512743,-0.5385472674354506
61,-0.04237948197235651,-0.46444879146439094,-0.3959048225309615,-0.4992173582107551
62,2.2169891817436493,0.8070135440179405,-0.25546289987167864,3.1501160164469155
63,-0.9131056684556005,-0.4655782679871654,-0.40572590016615306,-0.5276463074851294
64,-0.046549739363951084,-0.46459121563273414,-0.3954805516176676,-0.5006843935374073
65,2.2117879384688184,0.8069746447654268,-0.2549212663519461,3.150313628416952
66,0.03713051587866872,-0.46413159271274024,-0.3954669772865241,-0.45032008556056985
67,-0.8251711355349772,2.5201172361344932,3.7425490784022752,0.6405079037475526
68,2.2152191086439057,0.8068439075489798,-0.25548166537157296,3.149207748126887
69,1.5915657334322646,-0.3138726370946103,-0.38005067401181375,-0.10198797941267547
70,1.9056421246676087,0.7192891289750075,-0.36501956799794977,0.10065527679566194
71,-0.8635318411959684,-0.46550821081563987,-0.40578683729460885,-0.5347359171482959
72,-0.8653371046108843,-0.465570760572072,-0.4062718232292987,-0.5347425549195252
73,1.947127380490472,0.05571645505447573,-0.3718424078950448,-0.08323173229500345
74,-0.1861162921172178,4.17870091867661,0.5433460340006023,4.258465390969151
75,1.5999942673971037,-0.3138307676611659,-0.38028001311571863,-0.10291912378859995
76,-0.17881237832674074,-0.46499886207078445,-0.39798877211841727,-0.49974301904686236
77,-0.5290567343896608,-0.4653658515991149,-0.401505085525609,-0.5385200194743154
78,-0.046725139920380784,-0.46465685612711893,-0.3959748355650434,-0.4995499708896766
79,-0.33658382035934414,-0.21662934664642672,-0.07435430364872567,0.025919739829755768
80,-0.9094098324495803,-0.4655764882380862,-0.4063892880779076,-0.5282374357021157
81,-0.8148459480711387,2.520081541363839,3.7427110434523727,0.6402735278178716
82,-0.3029814177279697,-0.4651243421536026,-0.3994822713324062,-0.5145910311591075
83,-0.4346943265289604,-0.4652887024644448,-0.3976157170145136,-0.5258147342043643
84,-0.824735690015363,2.5200219214639983,3.7427804473573514,0.6405065017457661
85,-0.006869437051537223,-0.46477238277357913,-0.39890487381231227,-0.5304811767864489
86,1.9026365496937703,0.7193508686197602,-0.36440284915428983,0.10050064318012428
87,-0.7200102379143865,-0.46138975101473034,-0.2883514133885549,-0.47845950381305263
88,-0.9126020024220883,-0.46549720222546676,-0.40635857504134487,-0.5279722039376711
89,2.219327779714863,0.8069669719321826,-0.2555983850184502,3.150346547106403
90,-0.8335102972125746,-0.46551597941942935,-0.40521669706120295,-0.530233125003557
91,-0.495957581435549,-0.4134224410682798,-0.23109771005705654,0.05040143281237599
92,-0.18732154941580834,4.178759241289656,0.542524648500634,4.257213611047426
93,-0.04213986058984024,-0.46458582207982174,-0.39610724393090246,-0.4998932354622389
94,2.279761038407653,0.12694851402464155,-0.36754392950273806,0.04784218582224429
95,1.9497673873472687,0.05591343138875166,-0.37181861445776554,-0.0834350570123699
96,-0.6386338426409149,-0.4635835212525258,-0.35103897943158435,-0.4665819342008777
97,-0.31422273093792624,-0.46532594328721616,-0.399272346008399,-0.5149868379531816
98,-0.8182502638643353,-0.2285955375901239,2.774679279372899,0.4708522715076931
99,-0.6385499320575657,-0.46364972907962726,-0.3505703476777602,-0.46692097982518266
100,-0.9088774714388096,-0.46560803440352627,-0.4056423163104722,-0.5312531287553195
101,1.9557758939349934,0.055874380913083894,-0.3725535249073562,-0.08373858404407548
102,2.2783590001211964,0.12683445946082378,-0.3679663361019187,0.04634268272758508
103,-0.8892227869864322,-0.2593952994259987,1.3239701241878497,0.22673369089857465
104,-0.3028650602643241,-0.4653030538380747,-0.39904935105598716,-0.5143890958716842
105,-0.8227738234341483,2.5199980903806924,3.743043749814332,0.6409645640313667
106,-0.8637741882207892,-0.46559143832127664,-0.40597854191569166,-0.53480251019992
107,0.6330295256340568,-0.3909542665667154,-0.3640303470886764,-0.2791754054651587
108,-0.7688165421730293,-0.45327956792489393,-0.1999449756572708,-0.42557291295390476
109,-0.8141409682145259,-0.22855988110158526,2.774390063807788,0.47062498671317576
110,1.8978784080961997,0.7193899740313002,-0.36509154046492176,0.10043565539780631
111,-0.7249561554325916,-0.4614374491021753,-0.2883759448824771,-0.47826599097492073
112,-0.7706667983402343,-0.45325225329205515,-0.20032328547970168,-0.426155682370905
113,0.3128540960412679,-0.4587120038370058,-0.39232502473479747,-0.40066746566947414
114,-0.8280726666939477,-0.4655307560702512,-0.4054817793595705,-0.5305093826753043
115,-0.33288373351521544,-0.21665982271139164,-0.07469755802601508,0.02734100658679402
116,-0.3278152112676943,-0.21677791703756022,-0.07495798123432963,0.02698974774685978
117,2.280040073048645,0.12693719916927534,-0.36718727135059304,0.04741050552174398
118,-0.002812341845680088,-0.46494640878194404,-0.3991601674398174,-0.5308986125460502
119,-0.33403958740260253,-0.21667467879970406,-0.07433921883999604,0.0275838603325771
120,-0.5294056559561674,-0.4654433544358317,-0.4015404960806884,-0.5384211203311003
121,-0.5313158501335761,-0.46541469867379226,-0.4015480365599054,-0.5378772114800382
122,-0.004751080602366659,-0.4648919491482838,-0.39857413745889597,-0.5293746905793952
123,-0.8709696814756122,-0.4655379971848438,-0.4059805936787797,-0.535339879673902
124,-0.507428759205851,-0.41328603440170025,-0.23102561492633597,0.0502364437894246
125,1.9485031436064317,0.05582144014818821,-0.37197788567543855,-0.08460522492543578
126,1.9523870132376167,0.055744554696559326,-0.37220731619672276,-0.08453210185019364
127,-0.43666029458071903,-0.46522693968083834,-0.39713039347537454,-0.5246735477390941
128,2.276669367320324,0.12689038744435666,-0.3678675250868444,0.04651798712136102
129,-0.8251114977226377,-0.22860752654492092,2.7743735991522778,0.4704057832935413
130,-0.5365409350991247,-0.46554206382845154,-0.4014451340622142,-0.5386596512463145
131,-0.04393515735393446,-0.46449785801622007,-0.396162906737466,-0.4989426123592695
132,-0.8661681318193862,-0.46552564063544716,-0.4059404830454047,-0.5358423925007172
133,-0.7708182011008735,-0.45324641965123486,-0.20007209386196928,-0.4253949014689525
134,-0.6013353533290215,-0.4655534291655393,-0.4027155822073734,-0.5386271587738957
135,-0.32945976019788153,-0.21678182331036122,-0.07422276305015081,0.027279468074474053
136,0.045002730067076585,-0.4642466036900881,-0.39572176693436484,-0.4503219821178688
137,-0.527438337672829,-0.4654846191127506,-0.40142122810480724,-0.5384562873926297
138,-0.7676652586007183,-0.453186001017206,-0.19975586671975387,-0.4266662815936488
139,-0.30984756268447605,-0.46514610561841824,-0.3989685628752902,-0.5158143522798363
140,-0.7237123484980084,-0.4615626484966742,-0.28784830042227527,-0.47903837069992605
141,-0.17666163454424427,-0.4651894538943896,-0.39811662736169834,-0.500299887917206
142,-0.8184739190283944,-0.22845403096622935,2.7746264762475676,0.4694996126399162
143,1.8974791722801025,0.7192423366014999,-0.36475319900497094,0.10042925659178352
144,-0.18833492777568103,4.178719430569156,0.5429401140466368,4.258771818455399
145,-0.0429210557654275,-0.46444697827140446,-0.3956581324150315,-0.4997776945496846
146,-0.7658742841864603,-0.4531505567156494,-0.20033500186590214,-0.42588179104910623
147,2.2853029167056773,0.12687803174358353,-0.3672342105643739,0.047142567643354366
148,-0.3042133552666176,-0.46531522824253463,-0.3995997699466833,-0.5154949396028536
149,-0.5010698051718232,-0.41348048168857165,-0.23180518048365994,0.05114872605678436
150,-0.6330362030587277,-0.4635886673895569,-0.3504525746073482,-0.4671837816997206
151,-0.008701033720036265,-0.46481022399308897,-0.39925980855180243,-0.5304354233217667
152,0.26666994597411653,2.377917294182207,-0.03795737751114205,1.0427945692083505
153,2.219455619071911,0.8070553657340866,-0.25487097975972894,3.1498989335681613
154,-0.7650683927309908,-0.45331714875298745,-0.2003693569223408,-0.4256782092061227
155,-0.8933585912742201,-0.259272131879563,1.324464856225417,0.22585484382409485
156,-0.914291402979545,-0.46540759193741765,-0.4060637674685483,-0.5285367571177788
157,-0.1777363788896661,-0.4650397782940712,-0.39850647863235916,-0.4999146100263849
158,-0.8985574826324199,-0.2593567018656479,1.3238264437403497,0.22722279011679622
159,2.2189000840055715,0.8068377886909743,-0.25564457885738096,3.149377309598423
160,-0.825415611904223,2.520156223338012,3.742863245288815,0.641022210756849
161,-0.43678321649535523,-0.46521975468550775,-0.39732395559936373,-0.5252559803727981
162,-0.8934983922328604,-0.2593932076131284,1.3237484854763264,0.22626264387424963
163,-0.004256091374229075,-0.4649122227499304,-0.39926349488885526,-0.5294202667696651
164,1.9060915879638674,0.7191714499922442,-0.3646321762669171,0.10091478740692914
165,-0.4367777047266373,-0.4652303814860442,-0.3975316410479316,-0.5243282808342735
166,-0.3081902578400038,-0.4651604838664571,-0.3993905505529123,-0.5152448344403205
167,2.2775602584458077,0.12698745141708415,-0.3677849989518409,0.04747335427179216
168,2.2106420200239274,0.806891199815523,-0.25565191828574785,3.150065694903432
169,1.9463266835792514,0.05577265063488462,-0.3726114557942549,-0.0835428379646623
170,1.9474882851705144,0.05569198956282639,-0.3726586990684533,-0.08438415931466577
171,1.9540092908314128,0.05579129305960552,-0.37194115353719703,-0.08464339143805352
172,-0.60263048415672,-0.4654045552078736,-0.40266950009437724,-0.5373979663994403
173,-0.8310179321097766,-0.46545495255307895,-0.4051120984783213,-0.5300135969705321
174,-0.1883248864352194,4.17883245263686,0.5428581886633297,4.258435843761313
175,2.2769943991421475,0.1267810526589095,-0.3673474639889908,0.04733922074615225
176,1.9570022913878213,0.05587578635448512,-0.3722685850775401,-0.08333137334083482
177,-0.30393462827356643,-0.4653512574567856,-0.39890821222142564,-0.5147665119215392
178,0.633488308358234,-0.39081897994571374,-0.3641810992098306,-0.28008175206017094
179,2.211037310050992,0.8068981457001959,-0.2548855606700696,3.1492539314524017
180,-0.3391080150709869,-0.21667859559355795,-0.07441456197110342,0.02725793265700583
181,0.3186169865004204,-0.45858893863225025,-0.3917513903636632,-0.40076352954381966
182,-0.6321451560606183,-0.4635551825220592,-0.3508940211529424,-0.46672754898647867
183,-0.5285550049108845,-0.4653800184366029,-0.4010752426995681,-0.5386085000068404
184,-0.309613163405025,-0.4652093275918901,-0.399501742542508,-0.5152030219139316
185,-0.18742087496056573,4.178900226938667,0.5429978519133439,4.258160456897609
186,-0.8157325503990861,2.5202287228495224,3.7432731433018374,0.6415429272497303
187,-0.8204375074045358,2.520213830961767,3.7428943661926537,0.6420237350418975
188,-0.005755661447656089,-0.46483114843222756,-0.3984721413815318,-0.529546082837519
189,-0.5970273546015906,-0.46549646540272205,-0.402749957823474,-0.5382669259988018
190,1.5959914459240716,-0.31384090521697294,-0.3797454946921702,-0.10302639721275278
191,-0.8271055759626901,-0.4653878406272925,-0.40532001703007053,-0.5301200440058055
192,2.2826301018364106,0.12688763862166777,-0.3679482678040555,0.046642237490827444
193,1.896640567849327,0.7193541582136564,-0.36518052020079067,0.0998557757459545
194,-0.4973759500452563,-0.4134252523425036,-0.23105575644348247,0.05134621087380713
195,-0.3071353220557112,-0.46526862765531873,-0.3995258129744255,-0.5145424460080006
196,2.282326334189345,0.12689458872447518,-0.3677026200090051,0.04713892898999539
197,-0.49958500149515495,-0.41330760157719965,-0.23163515057651504,0.050119517977163915
198,-0.6375194149418847,-0.46362877811590286,-0.3510655137506123,-0.4676189400466612
199,-0.5031251551351089,-0.41329098408605125,-0.2312474443332162,0.05127972265707123
200,1.5976954858890973,-0.3138016193909088,-0.38012022669318085,-0.10234157137116998
201,-0.3086797578261063,-0.465351918642368,-0.39942913219253745,-0.5158292615970986
202,1.9522654489663336,0.05573998999646406,-0.3718247161560882,-0.0841623774995061
203,-0.05380304522643113,-0.4645717059508908,-0.3961501887238438,-0.5001936531383945
204,-0.7239467996007581,-0.4614841563966138,-0.2881314917970701,-0.4775254518407849
205,0.039146417135834166,-0.46408897099115365,-0.39581521900101924,-0.450563071906692
206,-0.601454543028942,-0.46538908906507603,-0.40304641765150234,-0.5375039325430019
207,-0.4337934668284832,-0.46536017814109587,-0.39716094133910934,-0.5241869203841634
208,-0.8157838094177084,2.5200746161141088,3.742847374214885,0.6414183174909884
209,-0.8348992843272441,-0.4654123572891189,-0.40527502375230284,-0.530207739540953
210,1.9058786056836454,0.7193868208420069,-0.3644648075277544,0.10014627718875509
211,0.27091420759442225,2.3779231319030614,-0.03743666154647375,1.0436377065685434
212,2.220447352596069,0.8070325379996809,-0.2553571446868359,3.149855683874791
213,-0.913620185435712,-0.4654860543223078,-0.40643455544974144,-0.531011410191911
214,-0.3093084649130754,-0.465164455904841,-0.3995235875738188,-0.5143660151310011
215,-0.30206121363829086,-0.4653103396019523,-0.3990482351391911,-0.5148930744065227
216,0.31662938949321384,-0.4585837680491876,-0.3920189591376952,-0.39917451022512784
217,0.6326152350919815,-0.3907699589833561,-0.36416847137957403,-0.2800064746606981
218,-0.303766634652083,-0.4651543078322828,-0.39905332845559766,-0.5150806553394598
219,0.04421090447139738,-0.4642505631852641,-0.3957685887633749,-0.44930620778431474
220,-0.9055809731894398,-0.46553621131169753,-0.40590143118384864,-0.5273225702860419
221,-0.5022128382638297,-0.41328989269652516,-0.23155813095517921,0.04988257429837625
222,-0.7184834279255441,-0.461559397852698,-0.28777050777720037,-0.47856618416908364
223,-0.7645762798636804,-0.4532678466461635,-0.20004018767033485,-0.42607501696304245
224,-0.8209113181948763,-0.22857037279070497,2.7744476273395993,0.4703813952555698
225,-0.9035491271116103,-0.4654548134122093,-0.4056168693002273,-0.5284925541255447
226,-0.8298432857267923,-0.4655656852163062,-0.4049863963778473,-0.5306250940007287
227,-0.6418616886121097,-0.46363984089486726,-0.3509205443975242,-0.4662084512552049
228,-0.5305470813738702,-0.4654804250433801,-0.40099801779469385,-0.5373549610533701
229,1.901899576049638,0.7192225594025029,-0.3643492782467351,0.10055515889741592
230,-0.4370199096068892,-0.46538360167418813,-0.39712031511366636,-0.5241096816387258
231,1.6016644033922098,-0.3138256907225114,-0.37984493668833136,-0.10183883939756373
232,0.2687165170046534,2.377958994169197,-0.03735139293694966,1.0436767177989081
233,-0.6355005758848961,-0.46354452633322113,-0.35098062753152337,-0.4672580400711565
234,-0.33018080872434113,-0.21680277690422847,-0.07467900683394207,0.026509505298003656
235,-0.7259402965316547,-0.4615365785928919,-0.2883769461744462,-0.4783670570191448
236,-0.17930202887649974,4.178802062796255,0.5433125799898257,4.25719390174671
237,-0.5365394458047521,-0.4653847226193872,-0.40111150609682217,-0.5386032114083031
238,2.2129214727484925,0.807053103096457,-0.25514528372484085,3.1495153343226643
239,-0.1766709842425835,-0.46513613282685146,-0.39794899466459527,-0.4991221373763884
240,-0.8930884077195559,-0.2592295364407959,1.3245517277123422,0.22673936720789628
241,-0.8220991150587783,2.5201753914315064,3.7428280612145635,0.6413500482844663
242,-0.5282059207708855,-0.46533789965899464,-0.4013409331000151,-0.5377463044446704
243,-0.8614282484021314,-0.46542585826050537,-0.4057499592343407,-0.5348582548690881
244,-0.33285865164958817,-0.21677764796033122,-0.07435529227742715,0.027183542423715738
245,-0.8725053957772699,-0.46541835266041853,-0.40549109379607307,-0.5359146458092919
246,-0.4971121800108248,-0.41329707883055256,-0.23153182274327908,0.04995079607758782
247,-0.9108143198636937,-0.465533430501305,-0.40567628368274994,-0.5277048979182055
248,0.31051622072154755,-0.4586772173907236,-0.3919071775654486,-0.40092229238278376
249,0.6368960685615823,-0.3909685657671833,-0.36403581527662104,-0.27934987425268254
250,2.274285217705358,0.12700461071751726,-0.36780914452011443,0.046373802684403775
251,-0.6014957850291708,-0.46546924340573587,-0.402376068107061,-0.5381879325922404
252,-0.7239341428646235,-0.4613832511866644,-0.28823989260778154,-0.478630773300305
253,-0.32901845060191653,-0.21665915061372193,-0.07455962607315592,0.026034411594916068
254,-0.8160350948543204,2.520133572945243,3.743436550039991,0.641835488608124
255,-0.8946739533636814,-0.2593556195450217,1.3238253337192754,0.22665167347692036
256,-0.18849821161516545,4.17882829295973,0.542572690232693,4.2577721590887485
257,-0.4407603314957358,-0.4653833613351973,-0.397269401841008,-0.5245162636085114
258,2.2104661546054776,0.8069458637523166,-0.25559762967871874,3.149754181153396
259,-0.8318513172872223,-0.46552807233650995,-0.40481546059639767,-0.5309248571445101
260,-0.30662993772173236,-0.4652679603206279,-0.39950257156633856,-0.5158868634936506
261,-0.6000306166092504,-0.4655336610182509,-0.4024661665116322,-0.537505716064347
262,-0.18635781517376274,4.178873707014122,0.543046651936427,4.258280038245542
263,-0.18555610517091617,4.178851040953512,0.5428466125053685,4.257790593930962
264,-0.052382733136732446,-0.46443369371570953,-0.3955227863114978,-0.49969500601276484
265,-0.726352940916781,-0.4614817861398748,-0.28757872225464454,-0.4784881214050383
266,-0.18745586998248498,4.178770236921395,0.5432251764707209,4.25733753170459
267,-0.8186709959667553,2.5201924846377697,3.7432104243573665,0.6412470992657467
268,-0.6415330790109784,-0.4637310881667248,-0.3509614219767333,-0.46609723210419185
269,-0.3353629006964267,-0.21666089041875297,-0.07498440694980804,0.026334513836439154
270,-0.9050679620146631,-0.46550425836482734,-0.4056736572813064,-0.5321632883541257
271,-0.8940727261069382,-0.25944315488822556,1.3245387904481174,0.22577106337306732
272,-0.8299806094271271,-0.465482211541411,-0.40495717365867845,-0.5307338959106236
273,1.8972128718608732,0.7192593481270091,-0.3644152048642486,0.10022207011292639
274,0.034014091074757336,-0.464117407001814,-0.39601434319353096,-0.44965224776148466
275,-0.8174239126510119,2.520152631221161,3.743189976524997,0.6412761183353939
276,-0.5929794456791223,-0.4654354560116153,-0.4023866585368664,-0.5387537099185468
277,-0.44067807365744993,-0.465245049654964,-0.39695542222753655,-0.5243387317510251
278,-0.5032188738067668,-0.4134081231945413,-0.23168432854393098,0.04993482709263079
279,-0.3097561812544935,-0.4653350596015929,-0.3992637560741907,-0.5149365450559344
280,1.5935899734494965,-0.31376456830509447,-0.3797152309851196,-0.10290803540318942
281,-0.815119073818535,2.520032691613081,3.743414230469878,0.6416306227673222
282,-0.3113523057900635,-0.46516741031878633,-0.3993504469755009,-0.5150149122565197
283,0.6353509515910254,-0.3908743417092731,-0.3635961769929419,-0.2791504868813398
284,1.901208819757691,0.7193166682660805,-0.36514597520134456,0.10121288111540166
285,-0.643775815936641,-0.4635125296264947,-0.3504239840165198,-0.46606209560588646
286,-0.5951749819616122,-0.46553609896215004,-0.4032117419096297,-0.5376961238623961
287,2.21569679648152,0.8070098474075771,-0.25496470767434704,3.149060974097131
288,-0.009122339770561707,-0.46479000370113777,-0.39920753006417,-0.5294598403854777
289,-0.1765157746796811,-0.46500682543087335,-0.39820288585191904,-0.49908757366671563
290,-0.8697125035612316,-0.46547814525999437,-0.40599095164087134,-0.5353775346582518
291,-0.003447801774266887,-0.4648697304431285,-0.3987854432090582,-0.530809862123101
292,-0.9073263021567396,-0.46537507451096544,-0.40595920027111215,-0.5320174411468757
293,2.2748639817252037,0.12692625689460574,-0.36790155388785584,0.04634198823558687
294,0.31402723470235494,-0.45860644588880795,-0.3917662671862831,-0.400001082829721
295,-0.005993592437316069,-0.4649334501687623,-0.3990084564569875,-0.5301554634376013
296,0.045589335937709356,-0.4642887293867538,-0.39578876999547535,-0.4500034801091554
297,-0.6444461419196696,-0.4635735605354628,-0.35048714857275365,-0.46627333336388993
298,1.9020481431837124,0.7191699302331931,-0.36491254872325973,0.10158270504865055
299,-0.3387862779185858,-0.21671126766843582,-0.07502224590111115,0.026653830815297933
300,-0.5304422273396608,-0.46548888616100853,-0.40147851634457815,-0.5372202858705394
301,-0.633441771185308,-0.4636945116002518,-0.35027431241831636,-0.4672101235235798
302,2.2759143937465027,0.12696635739799508,-0.3672841385680732,0.04694523665190841
303,-0.3108278963994234,-0.4651909059531492,-0.39954685489958086,-0.514668241517194
304,-0.8335198458900006,-0.46551407858162824,-0.40522244643415917,-0.5305211371073113
305,-0.908738493613873,-0.46537614654471815,-0.40597248881664466,-0.5275715467548037
306,-0.30640972129722693,-0.46525195659304175,-0.3988956831150523,-0.5158836835772231
307,-0.4419436139221933,-0.4653863088807053,-0.3976366418886346,-0.5252774511577265
308,-0.3081473374733585,-0.4653136854192147,-0.3989352687879681,-0.5156564961557304
309,2.282826170292056,0.12691725172773632,-0.36765773197370777,0.04785340964999462
310,-0.7177213924750797,-0.4614013688815614,-0.2877401163315742,-0.4790662514400154
311,-0.4346379369353275,-0.4653959721907842,-0.3969845056511044,-0.5255025468814779
312,1.9046243491629402,0.7193481638461812,-0.3643194699733849,0.10054934575359248
313,1.904361147668631,0.7192001062415245,-0.3645569267508736,0.1009769812108298
314,-0.5082650522845252,-0.41326870888819583,-0.2312777526270799,0.05068445512265056
315,-0.8214140089048229,2.5201282672669345,3.7434454271777167,0.6409266032764109
316,-0.31239395380664997,-0.46534857430198723,-0.3994164050249343,-0.5152449001170097
317,-0.8225430308833249,2.5202174342863346,3.742977981412616,0.6415172186988773
318,-0.829517923295332,-0.4655272813717336,-0.40470503721181195,-0.5309616402256059
319,-0.6364056394705941,-0.4636459855823658,-0.3504242060240781,-0.4671975777253306
320,0.6323304824058446,-0.3907659063941524,-0.36400357629291047,-0.27912680962767805
321,2.2212341219112264,0.8070107298791231,-0.2554053550607171,3.1495912203017555
322,0.26600263565599674,2.3779104557123474,-0.037651102453503824,1.0429956547010149
323,0.03926062699512537,-0.4642099438736709,-0.3958917532622269,-0.4495048571728757
324,1.8998693967830171,0.7192021276120942,-0.3647277977105358,0.10064697549884687
325,2.2109335963585943,0.8070113530569035,-0.25554346990701376,3.1501256149240744
326,1.898105851565043,0.719226964082073,-0.36427679071628954,0.1003260095455322
327,-0.00021479649696249238,-0.46489036222189595,-0.3991652231937438,-0.5300278320952007
328,-0.5245951277424652,-0.4655726432506535,-0.4015641741935259,-0.5383567585736838
329,-0.17840336946052054,-0.46499748200271296,-0.39836918371467583,-0.49957236750160416
330,-0.18136589518620466,-0.46504288130481564,-0.39814771113284614,-0.49998803225881766
331,-0.8906325120234477,-0.2592736382008282,1.3240619819124857,0.22593545565013678
332,-0.4416994604120751,-0.4652281753345534,-0.3974989723553725,-0.5246492760332198
333,-0.8934729585370673,-0.25928054016424595,1.3240060285989748,0.2264425895970821
334,0.6331991993757599,-0.39075466451690666,-0.36339988436867443,-0.2807084641951339
335,-0.8243153510307114,-0.228633734058437,2.7746002345764436,0.4711280560288878
336,-0.3099034199954381,-0.46534972617411463,-0.3992576157800019,-0.5150534934357587
337,1.5962864899498708,-0.31390322632142337,-0.3798611019354008,-0.10268235655959836
338,-0.8282329171988231,-0.465468955424376,-0.405388426245975,-0.5297902218320522
339,-0.04658987495637827,-0.46446956184993654,-0.3957207224208594,-0.4989262078455156
340,-0.8951745427690695,-0.2592777048160222,1.3243503315376424,0.2262800698591872
341,-0.7148053297156277,-0.4614013959479687,-0.2880378718386963,-0.47889761631350447
342,-0.04347431109613719,-0.46448288489329564,-0.39603070197537876,-0.4996892005582709
343,-0.3041226067788828,-0.46530807917510153,-0.39968299418704156,-0.5151103389886726
344,-0.17854273657525402,-0.4650410894362842,-0.3980217127479954,-0.5004888535739183
345,-0.5932383047322735,-0.4654731038137205,-0.4025708352714675,-0.538842114105915
346,-0.1816682086992517,-0.4651252141114165,-0.3985606140303725,-0.4992790247198964
347,-0.33633198698556166,-0.21659543814118687,-0.07502772863435417,0.02626968572270079
348,-0.30805602862731446,-0.4652286968469315,-0.39894579496290405,-0.5144536739143198
349,-0.05404321439223359,-0.46460228597063613,-0.39542628690299414,-0.5003436288841808
350,0.03813414398339015,-0.46415191457054417,-0.3952954384597445,-0.4497091747338173
351,1.594167394886061,-0.3139301019533221,-0.38016069656591434,-0.10312342358980528
352,2.2153381582624454,0.8070231129354111,-0.2553939838952315,3.149189941153337
353,1.905139044193857,0.7192207132131636,-0.3645023585763942,0.09982581063821627
354,-0.6345515916362022,-0.46353191014721773,-0.35071750748321595,-0.46707325972177277
355,-0.1830152134185103,4.178753898870755,0.5426398638474424,4.258910327509997
356,-0.7178017164829924,-0.4614832183156271,-0.28756112670855627,-0.47814690565154516
357,1.9040881416976239,0.7192793814134392,-0.36501447440438056,0.09990801423070318
358,-0.05194071716635416,-0.4644643069494957,-0.3958314627899894,-0.5000812756708188
359,-0.6393849144953949,-0.46367841465523824,-0.3503920572859094,-0.4664350630722415
360,1.5996894670079485,-0.31387479333650786,-0.3797483467786547,-0.10315274098314774
361,2.213434832771787,0.8070457065809258,-0.25538928397438543,3.149095669272474
362,-0.7263665442108499,-0.46137082559166315,-0.2876773663036233,-0.478811441649318
363,0.30938948884773076,-0.45869366266089995,-0.3918780384401606,-0.39932720827732
364,-0.3062827377929594,-0.46516161557434915,-0.3989115935426513,-0.5156500868807745
365,0.6323093572620494,-0.39084749721186196,-0.36356153453391765,-0.27971159787704764
366,-0.6398184966456671,-0.46360068488913914,-0.3506143898589872,-0.4662244324380209
367,-0.8161477642056695,2.520013893379102,3.7426221077748862,0.640669781787992
368,-0.5295321739923984,-0.4653622544965154,-0.4007797322789243,-0.5376750416031033
369,-0.8249663332116146,2.5200711868184538,3.7425962033553004,0.6415344173764785
370,-0.8966127222188454,-0.25932683020589864,1.324431824458558,0.2259803711383341
371,2.220598311412367,0.8068674003149598,-0.255107959506045,3.1501172502979284
372,-0.17526535397990184,-0.46503595004995235,-0.39821492260830266,-0.5002101141241296
373,-0.30290888737243293,-0.46525972281199324,-0.39921251918089523,-0.5153434177861096
374,-0.04597785572063082,-0.46452744235199533,-0.39588894103606964,-0.5006485180814523
375,-0.4322674240936093,-0.4652285530316801,-0.3970178620091328,-0.5249879505514262
376,2.2851723787806417,0.12686988398660579,-0.3671865752830223,0.04629175582594207
377,-0.8200203472412367,-0.22846632885617071,2.7745470292940504,0.46955601191170965
378,-0.643216303415998,-0.4636989282395417,-0.3505605018368265,-0.4658758729947887
379,-0.005726482925415002,-0.46480080853490346,-0.39857471416544854,-0.5301339019279907
380,-0.9036045834905986,-0.46546513804833817,-0.40610320725853427,-0.5273815465546454
381,-0.32999026115150604,-0.21678799749271382,-0.07474718130833563,0.02753154736113943
382,1.591527582237608,-0.31391125302114675,-0.3800809326018015,-0.10169824466568154
383,-0.7197297523290827,-0.4614543455093058,-0.2880053308800962,-0.4779130455412598
384,-0.3287836645965842,-0.21679122616636137,-0.07469620878059006,0.02719025288787734
385,-0.9098237452607049,-0.46538301013532435,-0.4054908311007417,-0.5284398003556021
386,1.8983135947112735,0.7192988656478659,-0.364850682438007,0.10013799139614889
387,-0.18220412501678482,-0.4650485464209955,-0.39814192668880505,-0.499929039004326
388,-0.052833572705974136,-0.46448678472597854,-0.39613692725502236,-0.49942009961431294
389,-0.5992453950913461,-0.4653961967040949,-0.40286499095204253,-0.5388459643116281
390,1.9504626292020684,0.055828051134458656,-0.3724388859459677,-0.08341849161170817
391,-0.7716911090591104,-0.4533031314494484,-0.20038607262791439,-0.42549694738229654
392,-0.8914009667163422,-0.2594545165813879,1.323786334166835,0.2268087401563305
393,-0.04838584307668934,-0.46453182180122427,-0.39582542160014633,-0.4999633102463944
394,-0.8164089102210705,2.5202228039824024,3.742949301249599,0.6419857157623542
395,0.044508318531416076,-0.46409298247955133,-0.39601982462450663,-0.4506031780239606
396,0.26376470268215074,2.3778418587077925,-0.0380180697104199,1.043110491131728
397,-0.9077200598160905,-0.4655206170243737,-0.4056769992365673,-0.5282481087502192
398,-0.9030979685796792,-0.4654381522889329,-0.40579939066252124,-0.5312295713041806
399,2.273497417423257,0.12697564837767822,-0.36720676491170934,0.046897906324917214
400,-0.18137836852589828,-0.46512126421985356,-0.3980000499506547,-0.5001851315002347
401,0.2623610353951834,2.377907871418908,-0.03745092326435893,1.0437263022808871
402,-0.906566156045837,-0.4655558086846215,-0.40638776053160425,-0.5313501751341875
403,-0.32957271155609236,-0.2166205961791706,-0.07469849247544008,0.02668837605770835
404,-0.5319859471002336,-0.4653914405980062,-0.40080106354435774,-0.5385803102883594
405,-0.7245611190806799,-0.4613686065343767,-0.28811609903441726,-0.4791170356380052
406,-0.7268946756426758,-0.46145887201634894,-0.2883665979471779,-0.4790391664911256
407,-0.17198344440867885,-0.46519880576054223,-0.3986295334220159,-0.5006902131829785
408,-0.1863239671681042,4.178712615022677,0.5431175766361978,4.257958851130189
409,-0.8997998290510619,-0.25932937035392345,1.3240660652695586,0.22673786868515378
410,-0.43669735443549484,-0.4653985040870355,-0.3974980662551605,-0.524432587513366
411,-0.33781641825894654,-0.21666826598196146,-0.07434168382223635,0.02603376883713089
412,-0.9048664264178666,-0.4654173597872909,-0.4057531935754797,-0.5317965606107957
413,1.601541850966482,-0.3138041861044697,-0.37977864002522066,-0.1017863176461456
414,-0.31352738428115173,-0.4652363921460718,-0.39903093317748384,-0.5149604530953806
415,-0.6350960933997859,-0.4636143185780246,-0.3503755515379111,-0.46743825762200997
416,-0.5266554800121865,-0.4654231470045135,-0.40151654615400684,-0.5380644140224947
417,-0.5267536256180458,-0.4654666764399004,-0.4008625627466821,-0.5376348639465675
418,-0.5922324889116102,-0.46556049693703405,-0.4024008038649344,-0.5378139527968319
419,-0.9063696477637465,-0.46546110998563095,-0.4061623188975243,-0.5286668818045812
420,0.6399185334980179,-0.39089158170364413,-0.3639061522184937,-0.2803502459003143
421,-0.906832188788236,-0.46543100657680275,-0.4054708120475095,-0.5288888301613806
422,1.8965566979604191,0.7192075781627335,-0.3651592711899273,0.10133059709952319
423,-0.5318815711956242,-0.4654561742610593,-0.4013303758328295,-0.5375873662694205
424,0.6333808309351409,-0.39094242320807215,-0.3635296405852287,-0.28045521243792126
425,-0.8312354983116975,-0.46539051152832517,-0.4047045344176321,-0.5304903379427928
426,-0.6033248856956105,-0.46558193274992016,-0.4030765049546797,-0.5387446026319672
427,-0.7234322771062522,-0.46143667311708436,-0.2876710092847014,-0.4775319632151965
428,-0.8702011349505485,-0.4654058228095843,-0.4060018506265517,-0.5348189667985234
429,-0.8183444812571716,2.5201364946054676,3.7428241397666717,0.6406805555424918
430,-0.3118807405260297,-0.46521640881592835,-0.3990430950577842,-0.5156834965681276
431,-0.6339854894725564,-0.4635925229816796,-0.3506459188674803,-0.46614922281816995
432,-0.1780470168154203,-0.4651821497965364,-0.39833048596808096,-0.49898892002183287
433,-0.7168469332710695,-0.46148654562683905,-0.2881602614467738,-0.47779608421817754
434,2.2770321728614578,0.1268560804959385,-0.367982348895265,0.04646622588253364
435,-0.30340647475835947,-0.46524347800212096,-0.39963766663420336,-0.515174997439866
436,1.9033481896708913,0.719250386588079,-0.3643765059423988,0.10011522899737249
437,1.955214537547448,0.055801554809133846,-0.3724868665182042,-0.08317963753716376
438,1.904263916100202,0.7192906286474228,-0.3649344615353953,0.10065966540705831
439,-0.888493069156096,-0.25935512889561246,1.3237908692799756,0.2270787492693136
440,-0.8211713369212308,-0.2284928580874753,2.77498500782981,0.4700118085299486
441,-0.8326780618565038,-0.4655565552602566,-0.40479887104667234,-0.5306986104527629
442,-0.9139262655577315,-0.465538995761189,-0.4057907754218446,-0.5280052634999232
443,0.317632204320157,-0.45858172755148924,-0.391745947315597,-0.39957967106062026
444,1.5961834963543564,-0.31384615873304933,-0.38040946954297566,-0.10226176667279634
445,2.2802378455928687,0.12679639497028766,-0.36758855782658667,0.04702149767611971
446,0.038113559040628416,-0.4641597004533894,-0.3958695276399375,-0.450586892488919
447,1.5901784901360543,-0.31387983884019405,-0.3801559392863715,-0.10232781609618388
448,-0.5034198674602185,-0.4133924689701584,-0.23115493891503852,0.05143454101764037
449,-0.5002216506802257,-0.41334124769062364,-0.23129573153375718,0.05016671620824009
450,-0.044713302332032565,-0.46464741669579307,-0.39539698698511083,-0.5004736362807417
451,-0.7267123446341555,-0.4615134394615359,-0.28796297161045814,-0.4785355194380448
452,0.315033144029454,-0.45857524057420385,-0.39249080034162115,-0.39940741332146323
453,-0.8175614028804231,-0.22861514077969003,2.7746271364273647,0.46961984529159634
454,-0.04527459454848114,-0.46450037929494975,-0.3957403735041831,-0.49972483699222237
455,-0.8616962724958646,-0.46554177763444476,-0.40629509259598967,-0.5355823954792999
456,0.04229870353664759,-0.46408178874462563,-0.3960834108894519,-0.4508077628397463
457,-0.05454010191897635,-0.4646460803410697,-0.39570950833520946,-0.5000173160270621
458,1.8987195717064285,0.7193356157190754,-0.364853407750261,0.10117088383282523
459,-0.8258246183568048,2.520184959108194,3.7425501483003396,0.6419541276504384
460,-0.04942642347222621,-0.4644990713110048,-0.39622973781771825,-0.5003033675959849
461,-0.8280265542837604,-0.46553881951034215,-0.40491957646867266,-0.5307467158892613
462,-0.5036272861437275,-0.41330838531585007,-0.23125374428470977,0.050082936126712295
463,-0.4961846022560514,-0.41326408559211736,-0.2309373953145528,0.050038364926218264
464,0.2664020515311338,2.377944774159496,-0.037625796986573715,1.0427801668118688
465,-0.043732176438641475,-0.4644538764726964,-0.3958571787780932,-0.4993574137422469
466,-0.0010761658007905255,-0.4649978475320288,-0.39870019024677583,-0.5296162646101388
467,-0.002384179852034231,-0.464845722762373,-0.39866522085834066,-0.5297641414506002
468,2.2786435903639966,0.1269866933015209,-0.367919416312254,0.04748274294608343
469,-0.5253747173981395,-0.465512855477556,-0.4012229401940114,-0.5382975395772359
470,-0.496208271474354,-0.41324434351062195,-0.23164231167879928,0.050866521181932335
471,-0.0010056328300632454,-0.4649372504244751,-0.399008525402006,-0.5305725668640537
472,-0.3386063975487091,-0.21669178851281978,-0.07454570839068034,0.026359189335651127
473,-0.6359683564653812,-0.4635646654824163,-0.35106383550134207,-0.46683297349249936
474,-0.865901382378144,-0.46559570427836094,-0.40577190630136106,-0.535503582915095
475,-0.3337483830114261,-0.21677189167453623,-0.07424566174141506,0.026915780509673106
476,-0.05107432779528448,-0.46445725518674497,-0.39556297621506964,-0.49894359761904356
477,1.9569439454652844,0.05585225121102132,-0.37266661057889955,-0.08485634543419758
478,-0.9109319462187936,-0.4655334901789671,-0.40588259723945325,-0.5288974793494097
479,0.6386086334020312,-0.3907492314861715,-0.36339329842049617,-0.2803453827723703
480,-0.906940198488768,-0.46557998725443794,-0.4056099240762079,-0.5283586808627718
481,-0.6326476616095271,-0.46361396399078303,-0.3511144027747704,-0.467352360845367
482,1.9528257142575225,0.0558289509807689,-0.3718428130527906,-0.08335911664819412
483,-0.18094414766410805,4.178745401990138,0.5424426836632991,4.257909440234823
484,1.598461258981854,-0.31374753345145856,-0.3800145066515553,-0.10275746520989675
485,-0.720405887884299,-0.4614750359030065,-0.28846482279249935,-0.4778118738478597
486,-0.593440981395447,-0.465362966770339,-0.4025936362400207,-0.5372609474527233
487,-0.3078902233870726,-0.46525382088770045,-0.3996139602758068,-0.5151562377779608
488,-0.3310250502592226,-0.21674300023049792,-0.07505281345793748,0.027510445797380826
489,-0.8341384014655165,-0.4653900556210929,-0.40527871149050404,-0.5300285691760694
490,1.8989406764102168,0.719166765208312,-0.3648027130214765,0.10146816762294603
491,-0.3322425569341015,-0.21664781604272576,-0.07461881110172829,0.025953517117345563
492,1.9002784716129104,0.719309331073024,-0.3647735817433175,0.10065791650893083
493,-0.31173014536747273,-0.46523131858624744,-0.39923185741117145,-0.5154951271636108
494,0.04624048903348634,-0.4641758106029526,-0.39537825081830846,-0.4494901704429515
495,-0.5011863746681816,-0.4134516118035481,-0.23162324132084705,0.05164753230737692
496,-0.8354051288856267,-0.4655583930544866,-0.4051217528654811,-0.5312733447860125
497,-0.3320936039644993,-0.21670290128911693,-0.0744933928349083,0.02631114381182859
498,1.946256138088162,0.0558951316116396,-0.3726585262707902,-0.08453513091371552
499,-0.5009396121661048,-0.41324907638273384,-0.23147164397890677,0.05033862452823284
500,-0.6028379934198929,-0.4655435663173841,-0.40312403057776236,-0.5384250675108029
501,-0.8393353928339401,-0.46550697161892196,-0.40524966832502896,-0.5303810266443447
502,-0.8944420709214158,-0.2594592083752097,1.3241956282428413,0.22554418421388558
503,0.2660815794223355,2.3778475647390724,-0.03753786607155123,1.042585607249746
504,0.04381230442472359,-0.46423718302289557,-0.3955914663532988,-0.4499253207358137
505,-0.8224796385302607,2.520199646120755,3.742972135312692,0.6415956473096072
506,-0.900365868761297,-0.25929607222473827,1.324401073954897,0.2266986827620021
507,-0.17108749208555293,-0.46506362389059697,-0.398075140364119,-0.5007258805140149
508,-0.504567633775596,-0.41340500046665424,-0.23112781515170625,0.05155583780838532
509,1.8965919016407242,0.7192686873659927,-0.36520264494122023,0.1006913687606367
510,-0.8178329873371959,-0.22844770141604442,2.774561610993085,0.4694991625694932
511,1.5946447264851007,-0.3138452854300988,-0.37951084244422056,-0.1027858300319019
512,-0.8243712454203248,2.5201078609575713,3.742601928095411,0.6412137971326226
513,0.6331439512434043,-0.3909560755474329,-0.36350698050723074,-0.2790671027254044
514,-0.4977464563121594,-0.41337085067897483,-0.23149867290950352,0.051410460232957665
515,-0.8945500814528918,-0.2592996278643884,1.324318201365214,0.22584924575692006
516,-0.5052941917933276,-0.4134790911169345,-0.23099496341911496,0.05134039123356372
517,-0.8271767065853238,-0.46560678291863705,-0.40457610432205793,-0.5297743048776833
518,-0.19070606655612468,4.178868725088816,0.5429446340835173,4.257764522187692
519,-0.5028037792491862,-0.41347949833819414,-0.23178404642312717,0.05088770818266964
520,-0.04764290124782088,-0.46442981300586916,-0.39598491286224863,-0.500710066365538
521,-0.595685702194464,-0.4655703428474975,-0.4026568882540504,-0.5380800700465539
522,-0.005611830796177702,-0.46481826536558796,-0.39928141860105043,-0.5309312621185168
523,2.217563292112621,0.8068498339326552,-0.2553803399771544,3.149509079100156
524,-0.44233750390538257,-0.4653788333196239,-0.3971509324585547,-0.525163641174476
525,-0.638775197446943,-0.4635543192839618,-0.35040841434847925,-0.4659060003400216
526,1.5978359222695266,-0.31391533398825994,-0.3803720634809425,-0.10249225594967042
527,-0.8279881545052721,-0.4654231294405366,-0.40478452872976955,-0.5305833979987542
528,-0.1826282486004986,-0.46502614866740943,-0.3979899118783814,-0.5003606907587151
529,2.2132404797351013,0.8068404853566395,-0.25563490661174826,3.149615353596785
530,-0.9084043435612568,-0.46556036032493686,-0.4056288426637676,-0.5286170143452485
531,-0.9001307326978127,-0.25945323746359383,1.3244733637780446,0.22549382449816502
532,-0.8928849133364661,-0.2593116340882229,1.3243055662626086,0.22707290913983214
533,-0.5258252160042549,-0.46548826762723655,-0.4007464847655435,-0.5381418274838865
534,-0.3118401915588809,-0.4653189227489029,-0.39900283876633297,-0.5154067107856583
535,-0.3021658167999367,-0.46525859072504444,-0.39903253150540047,-0.5158844279849691
536,-0.5914598988248252,-0.4653630069834214,-0.40319069172800803,-0.5378497732423104
537,-0.8725636698364568,-0.46538901554746875,-0.40615689939000243,-0.5349127661886245
538,2.2850717187089495,0.12683413623579098,-0.3676910185188263,0.047414534279952306
539,0.6401180996677872,-0.3908615211993847,-0.36335372387355264,-0.27986063073902684
540,1.896368915083863,0.7193037122083255,-0.3650405070059848,0.10003958260765565
541,-0.7207145416561593,-0.4614625723154482,-0.2881737195918504,-0.4775274421545152
542,-0.8652291472330554,-0.4653908697357313,-0.4062037141512786,-0.5344427499469661
543,-0.17160035264689788,-0.46512235944235664,-0.3980065333728092,-0.49960436043456186
544,2.2191386033173224,0.8070356041407113,-0.2555894660911124,3.1490079837936613
545,-0.9115215853933393,-0.4655288895176353,-0.4064506994731723,-0.5320007178385687
546,-0.8672667412985837,-0.4655436670686332,-0.4059226322817627,-0.5340928326647534
547,0.26209139672308085,2.378041063201201,-0.03789616375067038,1.043313522106112
548,-0.04303131468895446,-0.46446864601549737,-0.3954165167338221,-0.49999335189177596
549,2.2203754974361063,0.806947655318467,-0.25533033011901307,3.14884077164967
550,-0.43961544309870926,-0.46524424271107195,-0.39765611188303573,-0.5258686796021836
551,-0.17114365131520573,-0.4649839150993241,-0.3980705286686197,-0.5001079297008879
552,-0.9036065512283498,-0.4655439174864535,-0.40585536930751004,-0.5286514187872732
553,-0.8261096477908557,-0.22842857085678378,2.7741567411313954,0.4705114172913663
554,1.905313055928862,0.7193859858315609,-0.3643586002349177,0.10027534881466463
555,-0.30992967287588574,-0.46520517537184786,-0.3988840746646508,-0.5157547101102367
556,2.2834188185549142,0.1269974015612241,-0.3671837330523096,0.04662865152289405
557,-0.8611249311524619,-0.46552126182101994,-0.40621230559417376,-0.53563116385917
558,1.9525220819982676,0.055708379717198254,-0.37187151390538975,-0.08379213221493938
559,-0.7623186348820739,-0.4532017828385806,-0.20052336281343672,-0.42662230550117597
560,-0.32953712633435417,-0.2165810123151029,-0.07430298430013724,0.02717567703074696
561,-0.904833080626515,-0.4653922309357926,-0.40637389718794326,-0.5282345441710403
562,-0.1771328767705739,-0.4649938712685025,-0.3980533610390864,-0.5000395578099133
563,-0.3049709350391372,-0.46516474571384686,-0.3995014694502008,-0.5147133784744244
564,-0.8711557073792222,-0.4654155664040151,-0.4056023363924084,-0.5354751307347092
565,-0.8188294849878434,-0.22842997961530695,2.7748657042587577,0.4705258186772439
566,-0.3081759476067459,-0.46519245122400293,-0.3993418918147716,-0.5150826146601141
567,-0.336265430972722,-0.2165842066227824,-0.07451314906070426,0.027676205896773026
568,-0.4964027474682649,-0.413454636544198,-0.23161207446504312,0.05018958820415839
569,-0.7706513597698336,-0.45326616059786606,-0.2003950511819729,-0.42504041336416243
570,1.9464660647468162,0.0558419656886962,-0.37215940052300234,-0.0839174801370147
571,-0.7256820095254178,-0.46135149170156925,-0.2878184592873451,-0.4791202555870409
572,-0.7673672443154614,-0.4531803546020826,-0.20027114929969295,-0.42515540253308537
573,-0.5267402719713382,-0.4653491457142926,-0.40067234935778806,-0.5388447776200389
574,-0.30863260293260336,-0.4652459249696073,-0.3992254816875642,-0.5142483883542492
575,-0.640969723828053,-0.4635830476766808,-0.350312016958688,-0.4672962428803336
576,1.8966441885715597,0.7193643047978496,-0.36505658468742364,0.10078004056748222
577,-0.33298712683444226,-0.21658749862411747,-0.07475322617897695,0.026036170948360384
578,-0.3335986058238256,-0.21669365760428352,-0.0746168829717197,0.02758824049487115
579,-0.18234749559683094,4.178799471069125,0.5432384892626234,4.258346820560268
580,0.31958512291072294,-0.4587478998711558,-0.39251166549369454,-0.39957697579566037
581,-0.311173838153879,-0.4651656698752524,-0.39891275476554916,-0.5152420877021849
582,-0.831634243868446,-0.4654491051599765,-0.4049898194411855,-0.531080995638632
583,-0.8234376875855415,-0.2284621161824143,2.774181991007726,0.46977207327839143
584,-0.43997038448853565,-0.46524644643527885,-0.3974509633978267,-0.5244802747622291
585,-0.5359673647194823,-0.46537119711029235,-0.40106650361303714,-0.537782913621638
586,1.5913922472894393,-0.3138095258245471,-0.3795934159850692,-0.1017867950921209
587,-0.6333727763265241,-0.4635458008510562,-0.3506992452183516,-0.46681453341694396
588,1.5935799622966582,-0.31375003111228794,-0.3803983776521109,-0.10287177461698527
589,-0.7221101875314794,-0.4615118567302537,-0.28813213557099926,-0.4784738763473904
590,-0.7188157069176839,-0.46143840730138047,-0.2876711253069565,-0.4790400478829933
591,-0.17639026621500378,-0.46509512725625385,-0.3983597952466992,-0.49984133824282617
592,-0.4328592825054158,-0.4652890672629806,-0.3969074278535477,-0.5251848675332246
593,-0.8903695362030447,-0.2594473152046939,1.3238588095654225,0.22665611598442867
594,-0.8705663354889254,-0.4655147966014815,-0.40604303710184625,-0.5346553464084031
595,-0.9105432628509276,-0.4654863446614129,-0.4058953559057926,-0.5280979175003347
596,1.9446513941976256,0.055811524896061164,-0.3724006416068655,-0.08415236702903053
597,-0.81656770226719,2.520069122104455,3.7433228427239804,0.6407479306502459
598,0.036910159300510836,-0.4641234659512111,-0.39585700095416376,-0.45006794885239326
599,1.5956351243972957,-0.3139541779685757,-0.3795536492836305,-0.10234416161182021
600,-0.8974306624036008,-0.2592451799242804,1.324323130156924,0.22638736887368732
601,-0.6035199545428604,-0.4653805975746709,-0.4024058558271598,-0.5385298441291122
602,1.6013581986422656,-0.3138974192284743,-0.38003453144163024,-0.10163781576643177
603,-0.9120802792416615,-0.4653734711024565,-0.4059891050793816,-0.5287840381825478
604,-0.81983248652195,2.5201106372462316,3.743453777560215,0.6420080792559534
605,-0.9059782742477042,-0.4655927495787927,-0.4062092535766432,-0.5275000685643734
606,0.26786624473655385,2.378054993171748,-0.03808550463057942,1.043730862319852
607,-0.81512486942571,2.520102166834234,3.743379013944825,0.6408529224922883
608,0.2621997560941065,2.377858148905978,-0.037821109494638495,1.0434047851510981
609,0.3112208950157218,-0.4586023608026442,-0.39217103015305055,-0.4009054753186138
610,-0.9118357420305391,-0.4654367406998259,-0.4058321636153873,-0.5272099207124704
611,-0.4418624637985305,-0.4652704222917097,-0.39771163140661464,-0.5248318165889734
612,1.8996687006565398,0.7191726264225792,-0.36448205063217726,0.10008369227471789
613,-0.3132746909190648,-0.46532410393098056,-0.39927824557581887,-0.5156567671731408
614,-0.8971199765298059,-0.25934616672061295,1.324315409702562,0.22586902902787107
615,-0.010040585087116631,-0.4648084051583873,-0.3987430731764265,-0.5304132548257994
616,-0.17590066827175282,-0.46509908454326954,-0.39852975243084765,-0.49925849446906284
617,-0.9091984280852556,-0.4655522292171993,-0.40597456171228824,-0.5308570164412487
618,0.6294902622885624,-0.3909350843171818,-0.3634303067261129,-0.279351303165459
619,-0.6411309677584697,-0.46362507138403125,-0.3502994192550319,-0.46716931493719227
620,-0.05292137206919794,-0.46458694688591856,-0.39540934557135365,-0.5002786197473139
621,-0.1787377422157307,4.17888810255036,0.5425121727064037,4.257987205296009
622,-0.904990438331325,-0.46558196093843013,-0.40563220163246994,-0.5276101436655392
623,-0.8247236755163698,2.520131510899888,3.743174815179073,0.6414127896145005
624,-0.3036025788810375,-0.46522635716234984,-0.39958637972815325,-0.5149701448181544
625,-0.7169351958593034,-0.46143782193641186,-0.28806518991451674,-0.4775317975685617
626,-0.9099822371561648,-0.4655654317570226,-0.40589374533188927,-0.5287562567014672
627,0.6353729779812498,-0.39091987089449004,-0.3637139625804365,-0.2794630195845873
628,-0.9119290108919721,-0.46547616521819457,-0.4060434834056748,-0.5281084878881485
629,1.8979348954532633,0.7193247007603571,-0.3648742898419259,0.10142920434559291
630,1.9051900919744964,0.7191875956951049,-0.3651615728475149,0.10147658444194896
631,-0.9035275095544103,-0.4654653995013002,-0.4060525280015813,-0.5287466170223073
632,-0.4981457686765971,-0.4133837847094666,-0.23155745198672945,0.05051422715278302
633,-0.8232540906777477,2.5201586756856815,3.7429520807554617,0.6413233985895472
634,0.035841885905949084,-0.46423735244159564,-0.395436273283535,-0.44962643471462604
635,-0.4976403688452808,-0.41347625360465695,-0.23093820155405714,0.05083382712683538
636,0.6373492961358127,-0.3907716933668074,-0.3638485153470379,-0.27958482086202585
637,2.2220123234521854,0.8069527085168947,-0.2549695073467379,3.1502198419291187
638,-0.6357898951385376,-0.46371888931315985,-0.35100400167625956,-0.4661743277854145
639,-0.8974450461675894,-0.25934119796252153,1.3238851894067685,0.2257142179918049
640,-0.32972980576935323,-0.21666789035456685,-0.07426514832645513,0.027585056001600956
641,0.6309235025322112,-0.39074660187871924,-0.3638271273938253,-0.2806231248191492
642,0.040991322078425096,-0.4640872964377983,-0.39604021303515796,-0.45045215625908847
643,1.9565428692029418,0.05587125704288963,-0.37233526182322957,-0.08441878390998596
644,1.8993637400036696,0.7193086135722225,-0.36434809817533353,0.1006518324601617
645,2.284264870786782,0.12689940240761655,-0.3676560815606264,0.04661134484036812
646,-0.0026154966359157273,-0.4649873578670917,-0.3984771107621664,-0.5308273643644517
647,-0.5318581770673271,-0.4655558790943207,-0.4015700852798371,-0.537941781616681
648,-0.8233040222073138,2.520231123050726,3.7432638893315833,0.6416197112087945
649,0.037716765580256065,-0.46412399126447584,-0.3953946540965055,-0.4504991722163183
650,-0.8994797041013737,-0.25936727697290546,1.324507887419989,0.22652753353543717
651,-0.0017298087447416115,-0.4648451821929364,-0.39911495165833916,-0.5302780621262374
652,-0.04756181240180557,-0.4644681122886025,-0.3961630804724441,-0.5000598698008263
653,0.6377198152735587,-0.3909104594159788,-0.3638459697244039,-0.2806265189966957
654,-0.30468630994917534,-0.4651374772612441,-0.39910475882711477,-0.5148486491426483
655,-0.5060145253556273,-0.4133147380506815,-0.23148248397277135,0.05070910140091245
656,-0.5307740795885862,-0.46542650071239045,-0.40079386231794933,-0.5384022583880594
657,-0.3053543882839414,-0.46518672051688453,-0.39915442706209014,-0.5159254623108471
658,-0.8656787600815345,-0.46546283002455463,-0.4058551190802255,-0.5348565451448701
659,-0.5002712381505067,-0.41327898827143716,-0.2310738327149633,0.0507287959733334
660,-0.05008829449307202,-0.4644251660071504,-0.3956711044499839,-0.4994039216348799
661,-0.8626604642541875,-0.46549478479633216,-0.406372231034605,-0.5345297641489909
662,-0.8909456885117072,-0.25938973287780576,1.3244419971968275,0.22722504963592724
663,-0.72313805652586,-0.46155476997810896,-0.288451086208962,-0.4791230466592245
664,0.04212293333160504,-0.464153826315427,-0.39586576065024764,-0.45046622541506876
665,-0.762482882335505,-0.4532323939255123,-0.20011464505906168,-0.42586105077474606
666,-0.04303173073952504,-0.4644348892362413,-0.39560955925721814,-0.5006248651446911
667,0.2659563758643298,2.377993918133802,-0.037745773397317904,1.0421998078452228
668,-0.8641837619536793,-0.46552227488895304,-0.40634350295656296,-0.5342619364469915
669,-0.18915379706007404,4.178699084294579,0.542515766477337,4.257295330708699
670,-0.8154098772352927,2.5202078014406815,3.7427153976914505,0.641702254286359
671,-0.3034561951382275,-0.46525487914242447,-0.39932192249317994,-0.5153638194932849
672,1.9519229833854217,0.055717886956756474,-0.37248468111737326,-0.08320028845324154
673,-0.9100169924173204,-0.46554164660478814,-0.40560431745501946,-0.5286039295664626
674,0.31369927163352374,-0.45876207346392955,-0.39211522526468223,-0.39963130358865817
675,-0.18159441404115376,-0.4651360388026686,-0.3983729317646411,-0.5005661523386303
676,2.2185541168831135,0.8069838982823775,-0.2554164275779997,3.1499816273994794
677,-0.1843958947299044,4.178833724720853,0.5431671410105184,4.258137197325944
678,-0.5026705402618012,-0.4133239500338224,-0.23136612792380856,0.05113430446829035
679,0.6360982705129239,-0.3909059296918398,-0.3639504133245145,-0.27940722425640174
680,0.00031469497494244667,-0.4649744544035674,-0.398838148439122,-0.5306849674502591
681,0.2721881886174323,2.3779094843310427,-0.03767616823670109,1.043321769247848
682,-0.17371329755050915,-0.4650482034075375,-0.3984380435103298,-0.4997740913298771
683,0.30727609180781057,-0.45862851998801074,-0.3917918869791535,-0.4005883973579618
684,-0.000337408443599964,-0.46478111553528295,-0.399097999790351,-0.5309236078686244
685,-0.8611424472723261,-0.46547875479827805,-0.40565706901787957,-0.5345912183559124
686,-0.8913015394595055,-0.2592761400782999,1.3243757193802819,0.22560396256068743
687,-0.5299102528997048,-0.4653444281621214,-0.4014930237097377,-0.5381237390458818
688,-0.8211310289713488,-0.2286089779141665,2.774619583093857,0.46933139701283305
689,-0.5278998836106572,-0.46548558264411477,-0.401389278835743,-0.5372103108477186
690,-0.0033663714158317978,-0.4649569797040142,-0.3988986086085389,-0.5303960002098144
691,-0.7254120521275049,-0.4613569663674399,-0.2878520956553454,-0.47781507885898034
692,-0.8185101489508173,-0.22853350762851693,2.7749109059580856,0.47083680533182354
693,-0.44196487517839445,-0.4653950612945884,-0.39758153862549517,-0.524102906465251
694,0.0007258071854600266,-0.46486489829925376,-0.39853979862379096,-0.5299430635393821
695,2.212218513632722,0.806940472864865,-0.25494681266950836,3.1490059412040705
696,-0.8967622904346293,-0.2593740658413352,1.3244859837183474,0.22615665291007125
697,2.213000040383817,0.8069862238958202,-0.25569164153472146,3.1491461799873366
698,-0.30197712579077407,-0.4652950370313036,-0.3987626268793381,-0.5148844704635022
699,-0.31384058001399273,-0.4651637430928595,-0.3992446456034369,-0.5159687917744947
700,-0.9141533651094145,-0.4654399869047376,-0.40608072181005994,-0.5283795500600927
701,-0.5351213986922793,-0.4653947121699277,-0.40127924045508173,-0.5377467011976679
702,-0.823250592046779,-0.22862659470957336,2.774190899248578,0.4696655985712513
703,1.8968577223645755,0.7193013535198085,-0.36428651718385746,0.10116955415652527
704,-0.82484941100897,-0.22843899888784658,2.7744092148322745,0.46949144085851585
705,-0.7247197323556929,-0.46156450349944417,-0.2879539013246635,-0.4783259004557282
706,-0.8900254821678929,-0.2594556554063438,1.3244377092494983,0.22670995924734802
707,-0.04586913371064569,-0.46449170166701464,-0.3953610867690773,-0.49924693691782246
708,0.036611629001783136,-0.4642840238650845,-0.3953472034448494,-0.44982869701918077
709,-0.04851546479384586,-0.4646350433365187,-0.3960607579129084,-0.49986421348981136
710,0.30901694330526,-0.458767095077495,-0.3925688140536839,-0.39997378724998744
711,0.04125825125646057,-0.4642590034460747,-0.39582647025302115,-0.4496874916906826
712,-0.44095537099319604,-0.46539221409000553,-0.3969361304789271,-0.5243643273053762
713,-0.8626336143581358,-0.4655450631315078,-0.4061648597177152,-0.5348035479517527
714,0.6373489259298462,-0.39083547663441576,-0.36417932401756764,-0.27937542431715884
715,1.6008595512991486,-0.3137763570865954,-0.3803457373001041,-0.10190175347878697
716,-0.3304961818071337,-0.2165900161603989,-0.0742972686859234,0.027541247873117198
717,2.2205716881722553,0.8069535215544704,-0.25507001331047213,3.1494652316364067
718,-0.5082273940709305,-0.4133250467328032,-0.23162157228668664,0.05166489861580845
719,-0.9076346644501067,-0.46537751489105766,-0.40637775749067306,-0.5286522876962627
720,0.6371646926058646,-0.3909317402153743,-0.3638106173553884,-0.2797161457198199
721,0.6322314382519115,-0.3908293774758141,-0.36416330829208415,-0.28004309227901264
722,-0.8889940626837275,-0.25929061853767404,1.3241507314745475,0.22615206777597985
723,-0.8185411446702701,2.5200061923436237,3.742710417011522,0.6410644958314057
724,1.5944735228424791,-0.3139380520001715,-0.3795695355102073,-0.1023846533349623
725,-0.17709813127732002,-0.46507194360380744,-0.3980487217220478,-0.4997126564798
726,0.6377045474956968,-0.3907571006123874,-0.3638320061959995,-0.27924565738492413
727,-0.006698281671221418,-0.46479002932044045,-0.3984142809521683,-0.5309974090490127
728,-0.3048573675119687,-0.4652818024874932,-0.39936055883369953,-0.5145583288982201
729,-0.9152582787387581,-0.46538168383833617,-0.40599562142619866,-0.5325574802955353
730,-0.005759342414693013,-0.4649284484610596,-0.39870623081352496,-0.5309856121189195
731,0.038664130472234805,-0.4642599763424056,-0.39577722070937826,-0.4490834243400956
732,-0.43795956885468174,-0.4653236052467345,-0.3975087832884702,-0.5243606755206938
733,-0.7636595706369568,-0.4532931607899435,-0.19973713958456862,-0.4255741466570289
734,1.944987531502224,0.05576154471971638,-0.3720671882276941,-0.08466980271505307
735,-0.8217327932011543,-0.2285130728236679,2.7744681955739434,0.4701971356350551
736,-0.01172411861980849,-0.4647900392658997,-0.39901154628235624,-0.5304575018161198
737,-0.9120769265195239,-0.4653985730169541,-0.40606099511659266,-0.5324440861291685
738,-0.3376420992404462,-0.21666359622854195,-0.07442650405475615,0.026550650777360414
739,-0.30615973818939834,-0.4651993338186209,-0.39907840478334533,-0.51600923139208
740,1.9554279892090976,0.055707019945966545,-0.372620250017498,-0.08435474447176183
741,-0.3040375200990661,-0.4652608705617029,-0.3994086983208031,-0.5155560738626681
742,-0.005668602566930989,-0.4649456052008621,-0.3986065538884389,-0.5293876893552524
743,-0.18744191286240172,4.1788153309508225,0.5424753022292922,4.258792768235087
744,-0.3307797571242301,-0.21659441883146036,-0.07484620211323026,0.026086617703620554
745,-0.33671116617535096,-0.21674251562078498,-0.07441009605088883,0.027673499863309123
746,2.220920826343822,0.8068516137403723,-0.2554683752459891,3.149590787249413
747,-0.9065716691754415,-0.4654950856229949,-0.40627247638125896,-0.5280284211979422
748,0.03759836066110774,-0.4642230039364458,-0.39574109721113426,-0.4505617414434558
749,-0.31223664534646317,-0.46535292694828,-0.39899735499603434,-0.5151655692486734
750,-0.005160074866000937,-0.4649732590678166,-0.3992506473181305,-0.530102381342177
751,-0.9110177346466114,-0.4655054929623821,-0.4062302125242412,-0.5281515888724607
752,-0.18736715972595433,4.178802689671248,0.543139497383507,4.257836229090731
753,0.6329598631286558,-0.3908253577037002,-0.3640634943696349,-0.2797010930280476
754,-0.17622875915380304,-0.46510950455361627,-0.3986229177403725,-0.5007293773418457
755,-0.5987269121810842,-0.465569975731951,-0.4025367516848436,-0.5386970204480296
756,-0.3032698960441431,-0.4652151759854066,-0.3994060435929542,-0.514940745231528
757,2.2840909480689042,0.12680489331013953,-0.36739916097723635,0.04779001517904106
758,-0.17761541668932052,-0.4651671290256871,-0.39827165894308825,-0.5004196676998449
759,-0.6358045118975424,-0.4635298665404924,-0.3506529952250502,-0.4666707106689371
760,-0.17334079918908724,-0.4651610860262485,-0.3986586294063947,-0.500595781942322
761,0.3089239523661692,-0.4586593572079669,-0.39185711207613233,-0.39954401336943385
762,-0.313281045482525,-0.4652952161430155,-0.3988281123558915,-0.5157363554754616
763,-0.8146634119141604,2.5201780933761393,3.743295867868635,0.6402780844891786
764,1.6019098233860936,-0.3139101496671762,-0.380344572529892,-0.10282818436161911
765,-0.6333553465473007,-0.46361994631739917,-0.35110299296915654,-0.4662470987909184
766,-0.9141759892167887,-0.4656087350532787,-0.4061843206202158,-0.5311448535000376
767,-0.33295334050776265,-0.2166994644564655,-0.07443603387440981,0.026626177632453115
768,2.218733623664629,0.8068877261810306,-0.2552367305836211,3.149685064493499
769,-0.8973243549162275,-0.2593144381797579,1.3238765825897234,0.22693302001955598
770,-0.8656086804821733,-0.46541024266027736,-0.4057524110528644,-0.5347330734526325
771,-0.18252128318130897,4.178680681806896,0.542660232533515,4.258606574068896
772,2.2177393635384997,0.807042401527102,-0.2552530169364296,3.1490913794707622
773,1.9481158919760069,0.055911489641934084,-0.37189753517034124,-0.08464318014755352
774,1.8979425292580088,0.7191724851471156,-0.3643843801310237,0.10065677939567189
775,0.03968462894778306,-0.46422602354132875,-0.39544498000339695,-0.4493254321829673
776,-0.9061462840530213,-0.46541553476046693,-0.4057760489515015,-0.5284509463110295
777,-0.9003822865513297,-0.25926292786508015,1.324142151864032,0.22660758916200846
778,2.22238588739783,0.8069941793834391,-0.2549969511497444,3.1490032950223537
779,-0.8166775126186189,2.520162680912259,3.743099231515306,0.6406737784073343
780,-0.8722170214397996,-0.46556794270349067,-0.4058198694523955,-0.5345957094022838
781,-0.8361494165363944,-0.4655162103137607,-0.4052633959355779,-0.5309110163367518
782,-0.9147844629266811,-0.46538827331058874,-0.40597339279336114,-0.5315163205351837
783,-0.30779209871216445,-0.46516818443839575,-0.39962777315565506,-0.5151163180198638
784,-0.8231953639820286,2.520113354247358,3.7431728004100986,0.640503890539242
785,1.948169829308479,0.055810827912797664,-0.3718704780548324,-0.08404500063117756
786,-0.9035531129277353,-0.4654909781302681,-0.40602102698942194,-0.5289133624205551
787,-0.6392771198809011,-0.46372441923116814,-0.35055386291672735,-0.4673324518031664
788,1.8960423139844182,0.7191719931783954,-0.36515664589805313,0.1001155688213948
789,2.2128768237917282,0.8069095331470999,-0.2549416075781522,3.150064156705702
790,-0.9085775058619058,-0.46557219943942896,-0.4059759493183651,-0.5283837668697483
791,-0.8299652941921336,-0.4653982771821481,-0.40492292576762523,-0.5298835732096365
792,-0.7214557689270538,-0.46135766836924436,-0.28835763369650635,-0.47785621043854803
793,0.04225443336657125,-0.4642175729685196,-0.3956775522458679,-0.45071643609526135
794,0.04191547168431488,-0.4641317073461497,-0.39557635623025356,-0.4499143733371014
795,-0.5319390103285273,-0.4655264875315617,-0.4008842513686395,-0.5378315511034616
796,-0.8940208900210368,-0.25924392556020104,1.3238391580793731,0.22548639417843752
797,-0.3068504720820199,-0.4652525229620406,-0.3996211689776256,-0.515013807220657
798,-0.5045645341949127,-0.4134153449494901,-0.23137554645992706,0.050117824787180645
799,0.0368405328476383,-0.4642626545836999,-0.39588894416878123,-0.4506114324023226
800,-0.9111327367916289,-0.46559423633420804,-0.4059232698366684,-0.5274528851712291
801,0.045279398608367,-0.4642966239785559,-0.39548627226651745,-0.4495567588347009
802,2.214923323730585,0.8068329394522777,-0.2549015763313439,3.1490914502366465
803,-0.33260671311001655,-0.2167853569061373,-0.07468497448374069,0.027603740172560773
804,-0.006283990070004471,-0.4649786778474182,-0.3988724770222619,-0.529776075896068
805,-0.3382893661646671,-0.21658143455409223,-0.07467990521758672,0.027583156383025248
806,-0.04712170981629095,-0.4645494996033521,-0.39553298714345786,-0.4990336669898379
807,-0.009577503536999828,-0.46492463093876574,-0.398782440424313,-0.5302572296031199
808,-0.5007036773938204,-0.4132585855393148,-0.23120362871025457,0.05072841049733865
809,-0.6435762067141638,-0.46355667776825144,-0.3508001399733834,-0.4667780738154846
810,-0.8224894213682475,-0.2285122901998557,2.7746248895499175,0.47063211950169564
811,0.31899150176902075,-0.45859104420895835,-0.3922365786344558,-0.399697700358284
812,-0.597661252797511,-0.465417202697331,-0.4031718719297186,-0.5378868757399269
813,-0.3318913237452251,-0.2166072083699182,-0.07466507674236612,0.026162732556005056
814,-0.3084197724394429,-0.465316622679336,-0.39883999902413275,-0.5151841378137935
815,-0.5294315511606946,-0.4653635517573685,-0.4008313072942919,-0.5384258705075083
816,2.2207467010125805,0.8068293896029473,-0.25537506455359965,3.150112677761644
817,-0.3318985480320738,-0.2166947253902256,-0.0748971095848882,0.026641828055809783
818,-0.3306133297706287,-0.21664037317367066,-0.07452165878159597,0.02698484300221118
819,1.8999506850114827,0.7191667490506877,-0.3643581467840009,0.0999996689745289
820,2.217900221873806,0.8069181332184424,-0.25529677019802016,3.1502527423051854
821,-0.1841982918116412,4.178669082619264,0.5429411862495324,4.2575023804589485
822,-0.3084346941889702,-0.46530620338449047,-0.3991789574994718,-0.5155700716099625
823,2.275608162676523,0.12688034477713095,-0.3671615786631813,0.047952007675552404
824,-0.44271681799237766,-0.46527618339077664,-0.39744615581591275,-0.5247253278789838
825,1.9509220608600422,0.05575670593956331,-0.37192369203206727,-0.08457549013429692
826,-0.526547610713125,-0.4654271654800513,-0.40069656066440695,-0.5387759001955283
827,-0.6351275237785058,-0.4637432665797142,-0.350479062551492,-0.4676578318073929
828,-0.8186958328009125,-0.22852544491849788,2.7747304974388847,0.47005299887643454
829,-0.5310394842853968,-0.4654126278143396,-0.4010834243363593,-0.5381261666914078
830,1.5909186866305587,-0.31391034998073386,-0.3796575993109452,-0.10267549477180035
831,-0.6394552900718251,-0.463578787057344,-0.35038692332862503,-0.4666665827227495
832,2.2833041270727845,0.1270080353170343,-0.36799604160824745,0.0462361077361943
833,-0.8709918511826162,-0.4654558957917121,-0.406262025847053,-0.5342255126106333
834,0.2697503924740144,2.3779709626185235,-0.03777922009171039,1.0425460875362282
835,-0.31184812999547834,-0.46514348741040157,-0.3992330019069452,-0.5146653586252989
836,0.26432784479262617,2.3778378457738945,-0.03756466724863349,1.0434928193889421
837,2.274735775216216,0.12695143879872942,-0.3675713762409243,0.04623778261545323
838,0.3136156613476495,-0.4585658779659998,-0.3921144163598709,-0.4005896671965891
839,0.3152230294537643,-0.45860362086696926,-0.39261725084852495,-0.3994911979577893
840,-0.3332960787457685,-0.21669847089500446,-0.0749978615992645,0.02631457088732943
841,1.601006284975958,-0.31375658895308495,-0.37952662863244857,-0.10325151327295987
842,0.31815763054632834,-0.4585940158879307,-0.3922024257034392,-0.39987733355952426
843,-0.31248078329979795,-0.46532870592606956,-0.3994603479139487,-0.5143360567608903
844,-0.6369855331269344,-0.46354941651664117,-0.35037228825934963,-0.46595927000180626
845,0.2690933216578042,2.377845848528415,-0.03816793173630969,1.0432903504434805
846,1.9018698355111212,0.7193570663871977,-0.36432792726330104,0.10065300050860922
847,-0.9093687652747005,-0.4655834864614039,-0.4061643983621884,-0.5286340700829179
848,-0.17267747748304868,-0.4651837421744172,-0.39799019437012806,-0.4991612319539029
849,-0.7204361752146689,-0.461390541767654,-0.2881017424852378,-0.4776781462997828
850,-0.9094736377653148,-0.4656022185465511,-0.4059770408725346,-0.5285987029982003
851,-0.7254951330835602,-0.46139628667407684,-0.28840762049227614,-0.47764282426089366
852,-0.17607447658320954,-0.4650734108045684,-0.3979114534564709,-0.5000433370836029
853,-0.8604813823718938,-0.4655061528438863,-0.4060865135962835,-0.5356118792810437
854,-0.3082734535364519,-0.46530349892517464,-0.3989603852942866,-0.5143071244686538
855,0.3098855870465287,-0.45863561824937776,-0.39220321966091354,-0.40081727863782557
856,-0.33380111316521505,-0.21675891791553237,-0.0742314049771561,0.026410596382276604
857,-0.6360098778202601,-0.46356567963112494,-0.35059828109412,-0.46690899909254985
858,-0.7624082646239411,-0.4532670646631633,-0.20051753243961853,-0.4257880176795263
859,0.6366573754007292,-0.3908857813745043,-0.36364497715342864,-0.2799491346997127
860,-0.7156508594441567,-0.46151215591592654,-0.2877142175322069,-0.47795466490486893
861,1.590699504403339,-0.313830881167538,-0.379739611017782,-0.10286617273795497
862,1.9513944738927722,0.05579291738995715,-0.372237405674316,-0.08469526036261289
863,-0.8611871627535868,-0.4655953059142438,-0.4062725705857284,-0.535474070373939
864,-0.33174077679411085,-0.21661285276129102,-0.07501312145543519,0.026231673153597108
865,-0.8183212319821205,2.520139787807464,3.742868128489033,0.6414259013511124
866,-0.010658648025532652,-0.4648195946139823,-0.3985598599876711,-0.5306338671208112
867,-0.18506318330539476,4.178723062728706,0.5433032166049723,4.2579746616740435
868,1.9457075773136185,0.05590574930013147,-0.3721773247452039,-0.08496445686476929
869,-0.5973242894973694,-0.46547475344911404,-0.40263455319991764,-0.5372627210677198
870,0.6402888031716125,-0.3909126422843488,-0.3635765365911084,-0.27912313321990573
871,1.8973611281421459,0.7191743198246723,-0.3648516890024972,0.09985724987365016
872,-0.8173419092875398,2.520161651222279,3.742876850032878,0.6420676751108481
873,-0.17485885244137442,-0.4651157377921163,-0.39811844927787304,-0.4991024881666206
874,-0.8216914892639404,-0.22861734400555891,2.774946152702924,0.4709126296263794
875,-0.524927252658838,-0.46548531462060694,-0.40110866721826344,-0.5377424374143451
876,-0.764098207253168,-0.4531294345142711,-0.199938314233967,-0.42589422688721573
877,-0.9131697556173162,-0.46560586014189237,-0.40626720732343663,-0.5311375977371272
878,-0.9136610260132692,-0.46554753191504833,-0.40618519601294145,-0.5308718450835223
879,-0.49614744608895167,-0.41330406034013933,-0.2311165996457076,0.050675816005788854
880,-0.8242656829325675,2.5200295236831383,3.743160208840867,0.6402446936031051
881,-0.7645818002967368,-0.45311903976893625,-0.20023947764850217,-0.4264752967887507
882,1.5947978988351377,-0.31386170564823146,-0.37986908528101376,-0.10331426910716592
883,-0.5302384654399379,-0.465443494932177,-0.4014196851322138,-0.5379194224881731
884,-0.9031470097625476,-0.46546257940084795,-0.40610834662379663,-0.5323220543028279
885,0.6334018769042785,-0.3908263587345573,-0.3636204163154657,-0.280445517653103
886,2.2196764301424103,0.8069142651276653,-0.255460945217401,3.150231508994918
887,-0.8175226058307263,2.5201803447646034,3.7429845891885174,0.6417912150805402
888,0.03715022876981845,-0.4642147857608086,-0.39603891447935763,-0.44938123758851733
889,-0.5262531529187136,-0.46552266701728373,-0.40128404400147266,-0.537909205944578
890,-0.44010205785633877,-0.46533665178567896,-0.39681012001854826,-0.5250622676777914
891,1.9468033403458356,0.05569836184793227,-0.37223372355991113,-0.08392604174204239
892,-0.04971006766960207,-0.46446737047075065,-0.39589212241347826,-0.49999200913312336
893,-0.9039880596940539,-0.46560806916740977,-0.4061363807378175,-0.5286611087838683
894,-0.8661149020645875,-0.4653853929820508,-0.4060055591865027,-0.5355310877681233
895,-0.9095786855106025,-0.46540314818445044,-0.4059231815575575,-0.5286682284738436
896,-0.30825154930131266,-0.465150868508958,-0.39937113835361465,-0.5143847874468895
897,0.6389790042150317,-0.3908724020053044,-0.36340631979806665,-0.2799663247595112
898,-0.5971188542794219,-0.4654198683251242,-0.402539286777809,-0.5371261637954493
899,1.597927392070277,-0.3137281440939032,-0.3799442447987043,-0.10297840150367336
900,-0.33708041259306026,-0.2166886534874498,-0.07454527208738554,0.02669640965685225
901,0.04177589824558878,-0.46418501979298055,-0.39560879693326373,-0.4493372797629732
902,-0.7176905273466522,-0.4614521939010002,-0.2880452409918231,-0.4787426327564583
903,0.03661535137404735,-0.4641103533297353,-0.3951743457968351,-0.450831700224993
904,1.8969808503034256,0.7193344071927353,-0.365182396514338,0.10100457592627878
905,-0.8639230970399205,-0.4656015709173075,-0.40586018820688546,-0.5351060012341877
906,-0.33731818766826793,-0.21660984662205202,-0.07424057184589089,0.02627183031271846
907,-0.822332226627785,2.5201773423611535,3.742598002058946,0.6418932008386521
908,1.8959136246300405,0.7192333348446709,-0.3651407507860251,0.10023919190042282
909,1.954661599184003,0.05581354966476362,-0.3724486577232869,-0.08360875390946973
910,0.036406777604447646,-0.46428509735971174,-0.39553430522247546,-0.44996094009511217
911,0.03915430758481112,-0.46412883816992695,-0.3951876649011549,-0.450377931038928
912,1.5948203038753108,-0.3138250476996237,-0.37967696934075224,-0.10255076734374656
913,-0.9104330029611616,-0.4654606520010386,-0.405887628069266,-0.5284636403422612
914,-0.8977315194346938,-0.2594029369889357,1.3242017277715121,0.2254628611507424
915,-0.6425271243736846,-0.4636325289371378,-0.35078376907576725,-0.4659274411232221
916,-0.9119966036047487,-0.465610161846844,-0.40565455268274664,-0.531539734599465
917,-0.7670562838441627,-0.453126820973972,-0.2000865052984498,-0.4255693872657068
918,-0.8180530775129949,-0.2285809548911524,2.774254072018601,0.4703546332477383
919,-0.30770092984841213,-0.46514339181503045,-0.39964034250389474,-0.5154916860006288
920,-0.908227335815839,-0.4655938615601396,-0.4057986377372031,-0.5315208281445278
921,2.2818214546388456,0.12685340251443428,-0.36737780417318744,0.04751960365471836
922,-0.7168749194575796,-0.46136586288713555,-0.2883644306078034,-0.4780560854685636
923,1.6006972488212794,-0.31374982565565157,-0.3794869468833115,-0.10182760050356127
924,-0.30697281496279555,-0.46529411437672646,-0.39903736158791747,-0.5149379758845927
925,-0.33578233491141946,-0.21675349995523993,-0.07440555951225297,0.026522418567118376
926,-0.7227712302515876,-0.4614716804490052,-0.28839997238946713,-0.4789648765456868
927,1.5946976379334774,-0.31381791391315894,-0.37975381774465594,-0.10317640533499714
928,1.9557839595000601,0.055794569219272006,-0.3717741612122953,-0.08356897481304938
929,-0.4366840169892383,-0.46521497178949706,-0.3968537860036191,-0.5253479603255227
930,-0.6438237073992982,-0.46360952582913295,-0.3503868897247356,-0.46595800437704565
931,-0.04797579253093132,-0.46442856858815107,-0.39623883119842673,-0.5001085376266287
932,2.280246393240227,0.1269245436460213,-0.3672588990913583,0.046656832716666805
933,-0.43650085696569246,-0.4654169249508394,-0.39686187381789706,-0.5249879116528742
934,-0.5935129283838627,-0.46558309614751886,-0.40255249354702516,-0.5386810056614713
935,-0.328898928786956,-0.2166875589647757,-0.07449501516792725,0.027485808999313945
936,-0.3090447922526313,-0.46519796513541584,-0.3988353306721877,-0.51539827221708
937,-0.044953197046069635,-0.46448197435283056,-0.3961710723848969,-0.49979997298571893
938,-0.8719058022159885,-0.465439584878621,-0.4057291238427232,-0.534963905285393
939,-0.3043159917889138,-0.465216930875981,-0.39892414653083297,-0.5154371907919482
940,-0.9120247125141009,-0.46549578980706013,-0.4062312767713397,-0.5274969172496121
941,-0.9036541779312173,-0.4656087854234283,-0.4058732451851097,-0.5321358182072063
942,-0.051483256373266055,-0.4645086030895639,-0.39567524925432535,-0.5001817537749865
943,0.633182935879213,-0.3908417813742793,-0.3634492143880029,-0.2800017939880908
944,-0.5333259917532697,-0.46551939403559806,-0.4011772700551195,-0.5371970560116865
945,-0.30531032435778815,-0.4653570369954164,-0.39939822673467257,-0.51569086946412
946,-0.8161153386033434,-0.22848222443495697,2.774172159783998,0.4709389049647409
947,-0.8208359170238326,2.520165097878878,3.7427137043461163,0.6419816930803025
948,9.154806763531468e-05,-0.4649191298980033,-0.3992375470300968,-0.530944996023893
949,-0.43104928799282405,-0.4652365935302787,-0.3970326464467573,-0.5246995428196396
950,-0.9029217378138144,-0.46537401728508654,-0.40561444134559843,-0.5285460733043875
951,-0.3315115048142104,-0.2167834736921243,-0.07451330796996586,0.026973652673192183
952,-0.7722271599709858,-0.4532008149052984,-0.19972371718630894,-0.42651487847662733
953,-0.7234232537093628,-0.4614159793123566,-0.2880123353282913,-0.47781864411128283
954,-0.8193833493586232,-0.2286420058106289,2.7746792866757346,0.470087886363953
955,-0.8373995923895251,-0.4654292124624876,-0.4048274612947707,-0.5304170385676904
956,-0.8652550663638224,-0.465374391673575,-0.406196093417727,-0.5345789008909325
957,-0.8708662708892525,-0.4654023744379687,-0.4063172981610068,-0.5356235397806359
958,0.03820628877149533,-0.46423241864483605,-0.3959859309977767,-0.45044700069286653
959,1.9569369355153117,0.055874121698266374,-0.37213749123527456,-0.08333888054662704
960,2.283056341946587,0.127000853085807,-0.36800888484165994,0.04675409614409791
961,1.9522457317035335,0.05588970434705842,-0.3723372096139783,-0.08430639006398097
962,-0.43994136373167214,-0.4653749048269054,-0.3971448255837511,-0.5258330773654388
963,-0.33865412215093266,-0.21669003774193474,-0.07456965936464546,0.02638538526472077
964,-0.30474700201641164,-0.4651874671464354,-0.3989051920607257,-0.5147220470614045
965,-0.5267891151885911,-0.4653732594703672,-0.4007979469208249,-0.5374959729670562
966,-0.04449361176220169,-0.46450587672372756,-0.39548149376668473,-0.5004575383067629
967,-0.44030024037728477,-0.4652023184153042,-0.39737416185175156,-0.5254147347870824
968,-0.7203154051641812,-0.4615210454399261,-0.28797395583361035,-0.47881066894545565
969,-0.3349581218884055,-0.2168083361960262,-0.07455018444619628,0.02743915064129992
970,-0.3120098936777201,-0.4652654565693997,-0.3995997838747351,-0.5151405823280657
971,1.9034963714229398,0.7193216298796526,-0.36502063169246374,0.10156436508279577
972,0.04392918788023321,-0.46427128404936124,-0.3960706708257758,-0.450027546113023
973,-0.8207256327262142,-0.2285091503923118,2.7748368239735868,0.46995923873210804
974,-0.3102733331421151,-0.465136216305002,-0.39965533863185454,-0.5155184360475771
975,-0.9090648417647227,-0.4653970069579095,-0.4057559579261319,-0.5290201240093613
976,-0.6443702950987059,-0.46363347209947126,-0.3511560144411906,-0.46602340655597146
977,0.046028611429299524,-0.46414871458260987,-0.3960132590605595,-0.4504371357864274
978,-0.43876203607232894,-0.46520931009579275,-0.39733150904067793,-0.5245935185156939
979,-0.8333431452070985,-0.4654147090406962,-0.4052388313179227,-0.5299293359574432
980,-0.8986442637374837,-0.25939870111399804,1.3244064423073447,0.22550112546387135
981,-0.8188849935179531,2.5202258361895287,3.742939235293842,0.6418822067484692
982,-0.8230031308097653,2.520154996610329,3.7429433575872553,0.6405423258257399
983,-0.8352248291487618,-0.46537843660016115,-0.4052809738405335,-0.5298772546343826
984,-0.3094823367008517,-0.46532655496715425,-0.3996030892880733,-0.5143138930416419
985,-0.04649015967728132,-0.46465607871195314,-0.3961076157773585,-0.500230768279563
986,-0.8893357919925787,-0.2592436402993633,1.3244961231773111,0.22577373617717753
987,-0.5301006376552105,-0.46545330628898124,-0.4007430289635629,-0.5386269666242695
988,-0.8908412801120276,-0.25927413496775703,1.3245864842402812,0.2272047109516759
989,-0.31372719075781824,-0.46524562983850215,-0.399316410007357,-0.5143930172872546
990,-0.3064268071327569,-0.46534971240365675,-0.399549371098874,-0.5148319378638264
991,-0.18531169721399468,4.178677334866264,0.5430205586318749,4.258066056803317
992,0.2718180036561055,2.377955413245947,-0.038165735111874675,1.0438343382647524
993,-0.3072330564086565,-0.4652128077413614,-0.3991960640987229,-0.5143752334757857
994,-0.8682133381611963,-0.4655670153903328,-0.4055991856084017,-0.5350375301541679
995,-0.9122258759597917,-0.46559693891791376,-0.4065283432852023,-0.5322349771533328
996,1.901427261665546,0.7192136251346141,-0.3644086318919963,0.10124823973418173
997,1.5968659447988696,-0.31391259305853936,-0.38014982607343795,-0.10299565966485294
998,-0.5943529229871632,-0.4655996398796276,-0.4024528711377319,-0.5385381983354984
999,-0.9072338512795068,-0.465409288664899,-0.40574124243691895,-0.53097100516404
